Workbook

Sheet Risk Register
A1: PROJECT HELIX — PRODUCT QUALITY RISK REGISTER
A2: GenomeBridge Clinical Systems Ltd | Phase 1 — Quality Discovery | Version 1.0 | 4 August 2026
A3: Risk ID | B3: Category | C3: Risk Statement | D3: Affected Workflow Step | E3: User Impact | F3: Likelihood (1–5) | G3: Impact (1–5) | H3: Risk Score (L×I) | I3: RAG | J3: Proposed Control | K3: Testing Layer | L3: Owner | M3: Status | N3: Phase 1 Evidence | O3: DCB0129/ 0160 Link | P3: Notes
A4: QR-001 | B4: Patient Identification | C4: Users search for a patient and select the wrong record because names or DOBs are similar | D4: Step 1 — Locate patient | E4: Incorrect patient receives clinical referral or genomic test order | F4: 4 | G4: 5 | H4: =F4*G4 -> 20 | I4: HIGH | J4: Enforce multi-field search returning DOB, gender and identifier alongside name; add confirmation step before record is opened | K4: Exploratory (Phase 2) + Playwright Journey 1 (Phase 6) | L4: Laura Okafor | M4: Open | N4: Observed in OpenMRS: search returns multiple results with similar surnames | O4: DCB0129 §6.3 — Hazard: wrong patient selected | P4: Priority 1 — feeds Phase 2 Charter 2
A5: QR-002 | B5: Duplicate Records | C5: Two records are created for the same patient — one from registration, one from referral import | D5: Step 1 — Register patient | E5: Duplicate referrals, split history, incorrect cumulative reporting | F5: 4 | G5: 4 | H5: =F5*G5 -> 16 | I5: HIGH | J5: Implement pre-registration duplicate-check using FHIR conditional-create (if-none-exist); SQL uniqueness validation in Phase 4 | K5: Exploratory (Phase 2) + FHIR API Phase 3 + SQL Phase 4 | L5: Aisha Rahman | M5: Open | N5: HAPI FHIR: conditional-create tested in Phase 3 | O5: DCB0129 §6.3 — Hazard: duplicate patient identity | P5: Phase 3 task: POST Patient with If-None-Exist header
A6: QR-003 | B6: Incomplete Demographics | C6: Patient records are created with mandatory demographic fields missing — name, DOB or gender absent | D6: Step 2 — Review demographics | E6: Downstream referral validation fails; reports exclude patients | F6: 3 | G6: 4 | H6: =F6*G6 -> 12 | I6: MED | J6: Enforce required fields in registration form; SQL completeness checks in Phase 4 | K6: Cypress validation suite (Phase 5) + SQL Phase 4 | L6: Mark Evans | M6: Open | N6: OpenMRS registration form explored in Phase 2 charter 3 | O6: None direct | P6: Boundary-value analysis on DOB field — Phase 2 task
A7: QR-004 | B7: Consent Handling | C7: Genomic test request is created without a recorded consent resource | D7: Step 4 — Record consent | E7: Regulatory non-compliance; test request legally invalid | F7: 3 | G7: 5 | H7: =F7*G7 -> 15 | I7: MED | J7: Validate FHIR Consent resource is present and linked before ServiceRequest status advances; Phase 3 relationship validation | K7: FHIR API Phase 3 + Playwright API Phase 3 | L7: Laura Okafor | M7: Open | N7: FHIR Consent created and linked in Phase 3 workflow chain | O7: DCB0129 §6.3 — Hazard: consent not obtained | P7: CONS-MISS code in operational queue report
A8: QR-005 | B8: Referral Completeness | C8: ServiceRequest records are submitted with one or more mandatory clinical fields absent | D8: Step 3 — Create referral | E8: Referral cannot be processed; TAT clock starts incorrectly | F8: 4 | G8: 4 | H8: =F8*G8 -> 16 | I8: HIGH | J8: FHIR schema validation for ServiceRequest mandatory fields in Phase 3; negative-test suite | K8: FHIR API negative tests (Phase 3) + SQL Phase 4 | L8: Aisha Rahman | M8: Open | N8: REF-INC code observed in operational data | O8: None direct | P8: Feeds wrong-direction trap: surface metric is TAT; root cause is REF-INC rate
A9: QR-006 | B9: Specimen Linkage | C9: Specimen resource is created but not correctly associated with its parent ServiceRequest | D9: Step 6 — Associate specimen | E9: Genomic test cannot proceed; specimen appears orphaned in queue | F9: 5 | G9: 5 | H9: =F9*G9 -> 25 | I9: HIGH | J9: FHIR Specimen.request reference validation in Phase 3; SQL orphan-specimen check in Phase 4; SPEC-UNLINK rate tracked in operational report | K9: FHIR API Phase 3 + SQL Phase 4 + Playwright API Phase 3 | L9: Daniel Brooks | M9: Open | N9: SPEC-UNLINK is the primary metric thread across all phases | O9: DCB0129 §6.3 — Hazard: wrong specimen used | P9: PRIMARY RISK — answer key metric lives here
A10: QR-007 | B10: Workflow Status Tracking | C10: Task resource status is not updated when processing moves between stages — WF-STALL accumulates | D10: Step 7 — Track status | E10: Operational team cannot identify blocked referrals; SLA breached silently | F10: 3 | G10: 4 | H10: =F10*G10 -> 12 | I10: MED | J10: Task status transition validation in Phase 3 API tests; WF-STALL count tracked in SQL Phase 4 | K10: FHIR API Phase 3 + SQL Phase 4 | L10: Aisha Rahman | M10: Open | N10: WF-STALL code in operational report | O10: None direct | P10: Phase 4 SQL: invalid status transitions represented in dataset
A11: QR-008 | B11: Diagnostic Report Availability | C11: DiagnosticReport resource is created but not linked to the correct patient or subject | D11: Step 8 — Diagnostic report | E11: Clinician retrieves wrong report or report is inaccessible | F11: 2 | G11: 5 | H11: =F11*G11 -> 10 | I11: MED | J11: FHIR DiagnosticReport.subject reference validation in Phase 3 | K11: FHIR API Phase 3 | L11: Laura Okafor | M11: Open | N11: DiagnosticReport relationship tested in Phase 3 chain | O11: DCB0129 §6.3 — Hazard: wrong result attributed | P11: Low likelihood — tested for completeness of hazard coverage
A12: QR-009 | B12: Unauthorised Access | C12: A user in one role can access a patient record or referral they should not see | D12: Step 9 — Access control | E12: Patient confidentiality breach; UK GDPR Article 5(1)(f) violation | F12: 2 | G12: 5 | H12: =F12*G12 -> 10 | I12: MED | J12: Role-based workflow exploration in Phase 2 charter 7; access-control scenarios in Playwright Phase 6 | K12: Exploratory Phase 2 + Playwright Phase 6 | L12: Laura Okafor | M12: Open | N12: OpenMRS role exploration in Phase 2 | O12: DCB0160 §8 — Deploying organisation access controls | P12: Awareness only — cannot perform security testing against public system
A13: QR-010 | B13: Session Control | C13: An authenticated session does not terminate correctly on logout or timeout | D13: Step 9 — Session | E13: Subsequent user on shared terminal accesses prior session | F13: 3 | G13: 4 | H13: =F13*G13 -> 12 | I13: MED | J13: Session and logout tests in Playwright Journey 4 Phase 6; Cypress session checks Phase 5 | K13: Cypress Phase 5 + Playwright Phase 6 | L13: Mark Evans | M13: Open | N13: Logout and session recovery tested in Phase 2 charter 1 | O13: None direct | P13: Safely testable on public demo environment
A14: QR-011 | B14: Form Validation Inconsistency | C14: Validation messages are absent, inconsistent or misleading across registration and referral forms | D14: Steps 1–3 | E14: Users submit incomplete data believing it was accepted; support ticket volume increases | F14: 4 | G14: 3 | H14: =F14*G14 -> 12 | I14: MED | J14: Cypress validation suite Phase 5 — equivalence partitioning and boundary-value analysis applied | K14: Cypress Phase 5 | L14: Mark Evans | M14: Open | N14: Phase 2 charter 3 and 5 — validation behaviour documented | O14: None direct | P14: James Wright complaint theme — form validation issues
A15: QR-012 | B15: API Compatibility | C15: A change to the FHIR API contract removes or renames a field, breaking downstream consumers | D15: Steps 3–8 — all API consumers | E15: Consumers silently receive null where a value is expected; data loss | F15: 2 | G15: 4 | H15: =F15*G15 -> 8 | I15: LOW | J15: API compatibility analysis in Phase 3 — fictional old vs new contract diff | K15: FHIR API Phase 3 | L15: Aisha Rahman | M15: Open | N15: Compatibility assessment document produced in Phase 3 | O15: None direct | P15: Backwards-compatibility risk analysis — no live Pact environment required
... A25: QR-022 | B25: Traceability | C25: Test results cannot be traced back to requirements or risks — release decision is not auditable | D25: All phases | E25: Cannot demonstrate that priority risks were tested; audit fails | F25: 3 | G25: 4 | H25: =F25*G25 -> 12 | I25: MED | J25: Requirements traceability matrix built in Phase 1; updated each phase; final matrix in Phase 8 | K25: All phases — traceability matrix | L25: Daniel Brooks | M25: Open | N25: Traceability matrix column present in this register | O25: DCB0129 §9 — traceability of safety-relevant testing | P25: Cross-phase artefact — connects risk IDs to test IDs to evidence

Sheet Risk Summary
A1: PROJECT HELIX — RISK SUMMARY DASHBOARD
A3: RAG Status | D3: Risks by Category | E3: Count
A4: HIGH (≥16) | B4: =COUNTIF('Risk Register'!I4:I25,"HIGH") -> 5 | D4: API Compatibility | E4: =COUNTIF('Risk Register'!B4:B25,"API Compatibility") -> 1
A5: MEDIUM (9–15) | B5: =COUNTIF('Risk Register'!I4:I25,"MED") -> 14 | D5: Accessibility | E5: =COUNTIF('Risk Register'!B4:B25,"Accessibility") -> 1
A6: LOW (<9) | B6: =COUNTIF('Risk Register'!I4:I25,"LOW") -> 3 | D6: Automation Reliability | E6: =COUNTIF('Risk Register'!B4:B25,"Automation Reliability") -> 1
A7: TOTAL RISKS | B7: =COUNTA('Risk Register'!A4:A25) -> 22 | D7: Browser Compatibility | E7: =COUNTIF('Risk Register'!B4:B25,"Browser Compatibility") -> 1
D8: Clinical Safety Context | E8: =COUNTIF('Risk Register'!B4:B25,"Clinical Safety Context") -> 1
D9: Consent Handling | E9: =COUNTIF('Risk Register'!B4:B25,"Consent Handling") -> 1
D10: Diagnostic Report Availability | E10: =COUNTIF('Risk Register'!B4:B25,"Diagnostic Report Availability") -> 1
D11: Duplicate Records | E11: =COUNTIF('Risk Register'!B4:B25,"Duplicate Records") -> 1
D12: Form Validation Inconsistency | E12: =COUNTIF('Risk Register'!B4:B25,"Form Validation Inconsistency") -> 1
D13: Incomplete Demographics | E13: =COUNTIF('Risk Register'!B4:B25,"Incomplete Demographics") -> 1
D14: Patient Identification | E14: =COUNTIF('Risk Register'!B4:B25,"Patient Identification") -> 1
D15: Performance Under Load | E15: =COUNTIF('Risk Register'!B4:B25,"Performance Under Load") -> 1
D16: Public Environment Instability | E16: =COUNTIF('Risk Register'!B4:B25,"Public Environment Instability") -> 1
D17: Quality Evidence Consolidation | E17: =COUNTIF('Risk Register'!B4:B25,"Quality Evidence Consolidation") -> 1
D18: Referral Completeness | E18: =COUNTIF('Risk Register'!B4:B25,"Referral Completeness") -> 1
D19: Session Control | E19: =COUNTIF('Risk Register'!B4:B25,"Session Control") -> 1
D20: Specimen Linkage | E20: =COUNTIF('Risk Register'!B4:B25,"Specimen Linkage") -> 1
D21: Synthetic Data Protection | E21: =COUNTIF('Risk Register'!B4:B25,"Synthetic Data Protection") -> 1
D22: Test Data Reuse | E22: =COUNTIF('Risk Register'!B4:B25,"Test Data Reuse") -> 1
D23: Traceability | E23: =COUNTIF('Risk Register'!B4:B25,"Traceability") -> 1
D24: Unauthorised Access | E24: =COUNTIF('Risk Register'!B4:B25,"Unauthorised Access") -> 1
D25: Workflow Status Tracking | E25: =COUNTIF('Risk Register'!B4:B25,"Workflow Status Tracking") -> 1

Sheet Test Layer Matrix
A1: PROJECT HELIX — TEST LAYER DECISION MATRIX
A2: Risk ID | B2: Risk Statement (short) | C2: Manual Exploratory | D2: Cypress | E2: Playwright | F2: FHIR API (Postman/PW) | G2: SQL Validation | H2: Performance (k6)
A3: QR-001 | B3: Wrong patient selected | C3: ✓ | E3: ✓
A4: QR-002 | B4: Duplicate patient records | C4: ✓ | F4: ✓ | G4: ✓
A5: QR-003 | B5: Incomplete demographics | C5: ✓ | D5: ✓ | G5: ✓
A6: QR-004 | B6: Consent not recorded | F6: ✓
A7: QR-005 | B7: Referral incomplete (REF-INC) | F7: ✓ | G7: ✓
A8: QR-006 | B8: Specimen unlinked (SPEC-UNLINK) | F8: ✓ | G8: ✓
A9: QR-007 | B9: Workflow stalled (WF-STALL) | F9: ✓ | G9: ✓
A10: QR-008 | B10: Diagnostic report mislinked | F10: ✓
A11: QR-009 | B11: Unauthorised access | C11: ✓ | E11: ✓
A12: QR-010 | B12: Session not terminated | C12: ✓ | D12: ✓ | E12: ✓
A13: QR-011 | B13: Form validation inconsistency | C13: ✓ | D13: ✓
A14: QR-012 | B14: API compatibility break | F14: ✓
A15: QR-013 | B15: Synthetic data unprotected | G15: ✓
A16: QR-014 | B16: Accessibility barriers | C16: ✓ | E16: ✓
A17: QR-015 | B17: Browser incompatibility | C17: ✓ | E17: ✓
A18: QR-016 | B18: Flaky automation (Cypress) | D18: ✓
A19: QR-017 | B19: Public environment instability | C19: ✓ | D19: ✓ | E19: ✓ | F19: ✓
A20: QR-018 | B20: Test data reuse causing failures | D20: ✓ | E20: ✓ | G20: ✓
A21: QR-019 | B21: Performance degradation | H21: ✓
A22: QR-020 | B22: Evidence not consolidated
A23: QR-021 | B23: Clinical safety context gap | C23: ✓
A24: QR-022 | B24: Traceability gap | C24: ✓
